{"cameraMode":{"drawMode":0,"name":"Shaded","section":"Shading Mode"},"sceneLighting":false,"audioPlay":false,"sceneViewState":{"m_AlwaysRefresh":false,"showFog":true,"showSkybox":false,"showFlares":true,"showImageEffects":true,"showParticleSystems":true,"showVisualEffectGraphs":true,"m_FxEnabled":true},"in2DMode":false,"pivot":{"x":2.9802322387695315e-8,"y":7.152557373046875e-7,"z":-7.152557373046875e-7},"rotation":{"x":-0.13207775354385377,"y":0.34375232458114626,"z":-0.04890141263604164,"w":-0.9284392595291138},"size":0.7517914175987244,"orthographic":false}